{
  "N": 158,
  "n_variables": 5,
  "variables": [
    "Emotional_Engagement_Comp",
    "Self_Efficacy_Comp",
    "Behavior_Change_Comp",
    "Trust_Single",
    "Dependency_Single"
  ],
  "N_gender_observed": 120,
  "N_gender_imputed": 38,
  "ECR_Anxiety_M": 4.056962025316456,
  "ECR_Anxiety_SD": 1.1267468394285942,
  "ECR_Avoidance_M": 3.207805907172996,
  "ECR_Avoidance_SD": 0.983531540868308,
  "Age_M": 21.658227848101266,
  "Age_SD": 2.2254238897692837,
  "Gender_pct_female": 49.16666666666667,
  "Frequency_M": 3.5569620253164556,
  "Frequency_SD": 0.4983242093828258,
  "n_sig_anxiety_zeroorder_FDR": 3,
  "n_sig_avoidance_zeroorder_FDR": 0,
  "n_sig_anxiety_controlled_FDR": 4,
  "n_sig_avoidance_controlled_FDR": 2,
  "n_sig_delta_r2_FDR": 4,
  "max_delta_r2": 0.13509544038940874,
  "timestamp": "2026-01-11T17:40:40.171864"
}